{
  "conf #3 req" : {
    "transaction" : "conf #3 req",
    "sampleCount" : 57,
    "errorCount" : 0,
    "errorPct" : 0.0,
    "meanResTime" : 392.0,
    "medianResTime" : 392.0,
    "minResTime" : 337.0,
    "maxResTime" : 488.0,
    "pct1ResTime" : 425.6,
    "pct2ResTime" : 447.29999999999984,
    "pct3ResTime" : 488.0,
    "throughput" : 1.1781727986771393,
    "receivedKBytesPerSec" : 0.2657792153265812,
    "sentKBytesPerSec" : 0.184089499793303
  },
  "conf #2 req" : {
    "transaction" : "conf #2 req",
    "sampleCount" : 57,
    "errorCount" : 44,
    "errorPct" : 77.192986,
    "meanResTime" : 806.0175438596491,
    "medianResTime" : 814.0,
    "minResTime" : 716.0,
    "maxResTime" : 915.0,
    "pct1ResTime" : 844.4,
    "pct2ResTime" : 867.3,
    "pct3ResTime" : 915.0,
    "throughput" : 1.1702630012113249,
    "receivedKBytesPerSec" : 0.31061051286262753,
    "sentKBytesPerSec" : 0.17964563615086127
  },
  "conf #1 req" : {
    "transaction" : "conf #1 req",
    "sampleCount" : 57,
    "errorCount" : 57,
    "errorPct" : 100.0,
    "meanResTime" : 1167.1403508771928,
    "medianResTime" : 1169.0,
    "minResTime" : 712.0,
    "maxResTime" : 1297.0,
    "pct1ResTime" : 1240.2,
    "pct2ResTime" : 1261.3,
    "pct3ResTime" : 1297.0,
    "throughput" : 1.1703110563597166,
    "receivedKBytesPerSec" : 0.357240818447798,
    "sentKBytesPerSec" : 0.1764449235191459
  },
  "Total" : {
    "transaction" : "Total",
    "sampleCount" : 171,
    "errorCount" : 101,
    "errorPct" : 59.064327,
    "meanResTime" : 788.3859649122807,
    "medianResTime" : 814.0,
    "minResTime" : 337.0,
    "maxResTime" : 1297.0,
    "pct1ResTime" : 1176.8,
    "pct2ResTime" : 1186.2,
    "pct3ResTime" : 1273.24,
    "throughput" : 3.5105727776637243,
    "receivedKBytesPerSec" : 0.9317741480188872,
    "sentKBytesPerSec" : 0.5389037158694313
  }
}